id,qualification
02ebcce1-76d4-4eaf-8427-0c8dcf5dab26,C
10a6c770-bdf8-491d-bcec-081c87e8355d,C
05a41dbc-891e-4221-8a6c-7f5624273ead,C
0aa337f9-ba6d-43d8-94e5-d5c554fdfe69,C
93bdcfe0-d4e4-40d8-ab24-646216bc2cd2,A
3e22ff27-5e29-4c5f-bed2-d84f371f4870,B
76b2e15b-7af1-4919-96c2-edc5d6b0eb71,C
1051fe84-65ad-4da2-bee3-7dcea14961af,B
baa241e2-f319-49cc-970a-db04d8fa0187,A
322f07a4-b3ff-49ac-92b7-d66be42dc52f,A
31dae31f-e32b-40a9-8797-9930be02d93c,C
c23f98a4-f5cf-4fd0-ac0c-cafd16aaca1d,C
a13f654f-bd4e-4554-b814-f9b269280fdc,B
80c5baff-5606-450d-811e-7bdbe91b28f7,B
4f67ded0-cf8c-41da-803a-72711f5a6512,B
66d488c5-c140-46a6-87b3-28753d762dc3,C
944b7a75-1efc-4e8c-9406-fa61eb9d6578,C
72cd05de-edac-4081-b34b-452fed1b87ac,A
cc7447f7-72ce-47ef-bf6b-60f0432c6390,C
a3f00d08-7881-42b2-ac53-f77de8b3e403,B
62b475d7-638c-4e6a-b61a-b51a9c1fe94c,C
3cbd82c3-203e-45a9-bf28-0ce727411bbd,A
6f0e97ab-a6d4-433f-a245-04ee446e5285,B
5a238171-da28-4b5a-92fd-29c298ddc8a6,C
6f241679-940d-4e19-a83e-8708f8fca2bb,C
e4028949-da29-4920-922a-59aaea0d150a,C
17a56ccc-a54e-42da-a26a-7a9e70e3e657,C
9688050b-ef49-4775-aeae-d6a291676a0b,C
c30436eb-a1d7-4c3c-b869-2f79783a8424,C
fdd0f93d-828e-45d0-9f11-4ae8ce5f9f31,B
a1c5112f-48d1-4a2e-8199-27aebf34580d,B
7fe8a48f-420a-4288-a0f2-29aef2d56369,B
2a81c220-7421-4166-9b1c-5007cf8a228d,B
a1d1eeb4-a92a-46eb-96cc-05bfcfdcb029,C
caf2d202-3aab-49bf-9bfc-98b48a9ea8dc,C
1d37efca-53f3-42ce-9f55-29160eaf697a,B
85339446-537c-48a5-9d95-3745efb60461,B
bf17cc01-20d9-47d8-9e1c-bb6a953342ba,B
400cf8ac-519d-43e3-9c98-b7ba66e8d309,A
5486445c-97c9-498c-a81a-c64f71e34d52,A
91dc9d99-0758-4b21-a0be-f5957690e9c1,B
1fad8dad-31b7-4ded-8b3c-dc8b666b9ae6,C
b37c5869-4577-4ec0-bf89-8b1a0fa67784,C
57daa979-591c-45fc-a988-316d814c7cde,B
34871977-a1e2-49ff-af0d-ea4622220823,B
bc84d28b-9609-4bce-b367-b55e5a9eafa8,A
74fd1d9d-b439-49c7-97fe-36a03d17cb7e,A
56af889d-1b13-491a-aa5f-da23ddc5c4ef,A
b54f0c72-87a7-40b6-90ac-7d02a078cbfc,B
37c4275e-76ca-48bd-bfb3-2d2e064213e2,B
2ff7d5a9-64c7-4320-8280-45aa788130f3,B
31b8a943-c68a-466f-befa-7f7f4c9b3d73,B
a01e0f33-d6c4-40fb-b5a5-7385bfe9bc65,C
d5610f4e-ff64-48be-9169-287b9f5f9034,C
31a37989-2bf6-40f3-9aae-1fedc1cfbba1,A
4aadd05a-ea41-41fc-8568-829cc4b16bf4,B
5d534a79-b6da-48e9-ae04-223af5dd73ee,C
6b8f54c8-4031-41cf-9261-23c094c257e2,B
ab29d5c8-793b-4541-8e79-ac7322846281,C
dd026bc6-79d9-47e4-bc7f-ad28afeb489c,B
c24ffde7-6767-4043-b3fd-2aa5d7f608e6,B
8d77106d-7c7b-46f2-ab7d-aab016f9dc24,C
6411e927-4e7c-47be-9210-aff937137fa0,B
536fcc1e-ce18-4597-a017-9db2a1de8d6c,B
792a9056-894a-426d-bd56-3b737dd9d454,C
ef0db3ff-76c6-4717-a040-08d5841636aa,A
c10588ce-e00a-462b-9dcb-fd71d1eb679f,B
2fede347-5c47-4869-b20a-df1c211a0036,A
97ca3003-468f-433e-9b31-2be5a8273437,B
34907b32-8ca9-4b97-96ce-23d1564e7ab6,A
7d52e137-fcc4-472a-84d4-56333a336948,B
8bfe3776-caff-4498-b6d1-cd87c84332cf,A
af0b45f8-e349-4809-99bd-dc1ff6370baa,A
b19b9e1f-a1c4-4a2e-b2e4-a682beb6b15c,A
21129927-8adb-44a5-bfc9-2e5aff345273,A
00a2966e-e24d-4f8d-a17b-61c22b17a555,C
baf81b36-b9c9-4630-a39b-6b67cb82fa99,A
2d86a5eb-3769-4e53-b174-f8b177ccbb20,A
effdc33d-ea84-4239-928f-6211069b8ca3,C
ac7428df-85d7-4fca-9702-70e836644de8,C
96d79ca9-8f05-414a-a29f-19a2d69cb82f,B
30c7a1e0-e4db-4519-a79b-f366de406ecb,C
74749a65-c22a-4b6d-8e2b-9a5901d3e9c1,A
cfc13e39-8df4-47e8-b522-7ba9a5f2fd05,C
529620be-981c-4d04-9f76-ae1a0ecbb0d3,C
e6624954-6339-44a4-b1db-0685fa554c5d,A
ab7dd9f5-0493-4840-a8fc-2536a759c8df,C
ad97232b-d272-4ff2-bf58-416ea495dc88,C
1635f4bf-e74f-40e0-86e2-3916692e97b3,C
2ab0add0-49cf-4099-ad04-9a2e59acfd9b,C
dd628c8e-8267-420e-905b-cbc5dc2b4223,B
55e2a502-93cb-4179-ae14-a5b1d7a31ada,B
bd932f2a-408c-4010-bb9b-90c37a12cf8d,C
44d4df20-bf61-4082-9578-3d90960813eb,A
5290270d-c0db-423d-b403-0bbeb2daba07,C
2525e489-9597-44ce-bb89-c9c1f8a8858a,B
6f8749dc-747c-4fd4-a34b-1bc0dffa6375,C
80b17da1-e30f-48c0-b477-5183e1699040,C
3821cdd4-90b5-46d9-910c-25d173b1793f,B
2a1b3fa5-6fc9-40f8-980b-78faea48c06c,B
26c92894-499f-4ad4-b264-a9e095803336,A
cd465d06-7397-482a-b33e-8a49b1c2613e,A
5737b4ac-287d-4f31-9cda-5de6bbab69c3,B
c94e8cd7-bc73-4c1b-93d5-49608c90916b,A
aa602843-de2b-401c-ba98-082dd2c90312,A
e27b4d63-d83a-41ba-a744-f241b8761946,C
fdefa13b-6917-4898-8ffc-c138698a7844,A
e8a8adb3-d6ac-4c76-8082-7878dcb83008,C
b5b5f4b5-8355-4cd2-a525-489e69ebb8b2,A
41692b8b-4e2b-4a87-b90f-751ede33e6d1,B
65862f14-2c0c-45dd-ba1a-d5ae1eb04106,C
06f83464-334e-479a-891c-3f3a86ea8df1,A
e88fa09e-60c1-4758-a13a-a7e7192fda12,A
c9416c8d-a43e-4530-a32f-3444b1260302,A
4145027a-0b96-44c4-a95d-e93ddf33e28f,A
c6626927-f1d6-4fe8-aee7-e18a2b03624d,C
9663f94d-a903-4d85-adc8-258a5bebd1ca,B
6b857aa3-0cf0-4707-8e75-c440eab2e75c,A
8b7edb11-51bb-45e3-86e4-0dfffe5d8212,C
54fa8825-1b96-4605-9372-db3d0417b880,B
53becb75-b0d3-441b-8a25-c039adfc9abf,B
83d9bced-b340-436a-ad3d-c59f13cd2118,C
86fccb44-9384-49c0-a839-285d25a75c77,C
623e8ac2-9eba-4c67-a3e1-744f889c4f77,B
fd3f2c67-95de-445e-ab09-13bbe9b52bfe,B
4799af76-7dfb-4bc8-8b9f-8d92346dce58,B
a698ac4a-1985-4cbb-a131-83a95e004880,C
2a855e13-e6f4-41b8-9546-064a2c7148ac,B
ac67b8f3-16a1-4451-a612-7f8d638dfbb4,B
b199e693-3f83-4cf9-8a5c-5af963e52d9b,A
123e1a6d-4487-4ae6-8c9f-a55f62d081e8,A
053b7ebb-fd9b-4988-a610-9b21f374db36,A
00d7f977-3fb1-4708-ae5a-1fbcee8a8c35,C
2c3d7989-dfc2-4eeb-98a2-d0b4b9304ed5,C
7c66cedd-3e86-4115-846d-78116d901894,A
3f0597d4-63b8-4c2a-accc-b324615dddf2,B
a6b43649-2292-474d-8347-57ac797af0aa,A
31ec5d69-f06d-480a-ba75-106701bcb941,C
37b34ab6-6a19-4b9c-a304-67d5ab8b0ab5,A
8fbb8fe1-8071-4928-b4cf-8e8a84805948,B
22bf4186-6125-4f3c-adda-2e722bf20be6,C
ffa04026-1d18-444f-82f1-39c23a19ed78,B
073fdd14-26d4-4ecc-ab33-0f031c4abe83,A
2bf89447-4515-468e-ad2c-63b0220ecfa6,B
ff8b07eb-e0df-4303-b4bf-1b421b15f872,A
d308e3ce-481f-4d1b-b9c6-251bdf1d6b4a,A
be731ef9-3568-4663-a7ae-d587408d101d,A
346e9ce0-82d1-4dc1-99d1-7df20c0c9540,B
babb7329-0810-4bbe-9aa5-5ccf84cbcec8,A
de025924-3f3d-4fb6-ab27-47095acfd28e,B
016a71c2-aeaa-47d3-8de6-f7a1867746b6,A
bc0591f0-363c-4321-85c6-3f184b8ddd0e,A
747c8a29-8cea-42a6-9f0d-a887db3ebc33,A
4f1fad8f-278c-49a9-8d87-2abff61a9a20,C
f01aba0c-f835-4ecb-a5e6-8b90cab8e9e6,A
1482c10c-3477-4a3b-afd6-3d9be9f1b88d,C
63b18efa-f69a-4b8e-9e67-2c60f668976a,A
c261b8cf-1c2b-47fc-a45b-d2463545130b,B
c6c02c07-a01b-45af-b530-e56784f9e2f9,B
7f069521-61b7-4121-99c7-77bd5e0cc227,A
8573908f-8d57-43c1-9564-27ef239998fe,C
82cb306e-9c51-4855-8282-4ec2abe919c6,A
0478c70c-e384-4a71-bace-b4a8a8e94e55,B
6a72d125-7b7a-4476-9a99-df2930bc472b,B
6fc0753c-897b-4fa1-8b04-b22e96ba2fb8,B
816a010f-4d21-486b-a929-e7f491411fda,A
c4da1d9e-ee92-47da-acb0-e729ecc4be1a,B
ac62d539-13f2-44e1-b4c6-00c7ed0e0960,A
674a273d-fe0d-4f7d-83aa-dd54c148e608,C
adbd17f7-a926-4511-b193-e350262d2889,C
8ff530fb-2304-41a0-899a-98da679387ec,B
57ca6133-4082-4815-a437-39ab6e4bebbe,C
99176388-5dc0-4ae3-8b79-ce8e12029afc,B
29f89170-4c0c-40cf-b644-3ba1b78541d8,A
99a33824-2506-449c-8eea-3dca75d79228,B
5145ed49-01a4-4fb2-bf0e-5ab30bce37b3,B
66b579a4-b736-4156-bd5e-926e56c95a4e,C
d91b1029-4275-423e-9dba-6084b1d74ef5,C
6531207d-2cd6-4b51-a218-4b7421c5e53d,A
6d938929-7058-48ac-8b3c-a0e4e2313665,C
a5d45f74-f205-433b-b66e-26b3e9ea14f4,B
3cc862be-fb54-47fb-b831-04df05a75a63,A
5d0ab3c9-93b4-4da3-ab6d-230b5bd34e20,C
8ed3d2c5-305d-4e8f-91e7-8113a308a255,B
ad4c093b-8651-4425-9770-33c9407c6a60,C
06ea3aea-2691-4ff1-b73b-1af88941a3b9,C
510c18c1-9590-4970-8805-4187e990e30d,C
200b2e32-d61f-4366-845f-f84b60b1db31,B
e4199351-c8ad-410c-811b-bd41da4fd3b3,B
d5cbe4b6-380a-48ca-bfd3-e095477e8b62,B
64470c6b-3879-4f38-ae8f-ef6d742bfe0f,B
23e12864-ce59-4892-a7bd-571452a48394,B
4cda6850-267b-4d55-8a09-e5b81df5eba3,C
f86808b6-555b-4b67-a77a-cfa006b02e8f,A
6852b998-901c-4a10-b4e9-a9055b428f88,A
0a1c25c0-f051-491e-a322-357a92240b32,B
9aaed43c-577d-4a5e-be3d-a768f9a8ece0,B
c643dce4-60dd-4a99-9878-9d7570445c1a,C
1a1c3aff-b5a3-4790-9737-38bf7088fcd4,C
3dee6455-b8c5-418d-b361-c0807df17b93,C
e39b1be1-19e7-4855-b8a6-70198527a775,B
0b78b396-af06-448d-99c4-b1fb74831deb,C
47eaffe4-c2e6-4f72-a088-b061db03902e,A
0d12ca67-acbf-4522-9dc2-75006630eb8e,C
17f51155-de7d-4bc6-98fa-297898ba54da,C
574e8e66-014b-4f3b-adaa-424e98acdb84,C
07a77857-497f-447b-a927-b4d5804a0bd4,B
90f1fe55-a42f-4541-8aec-213f363e2b78,B
946aabaf-4888-46e3-99a7-5e9260aeeace,A
d9b3cca2-4493-4d71-a566-02d0dd598d7b,A
385a3e2a-82ec-4643-bf19-d298ad3fe6d3,B
a848e52a-f14c-4632-ad3a-8657b8115e48,A
f14ca637-b4f0-4531-b336-508d29f53715,A
60a9431c-0c28-425f-a5d3-fcf8aae265aa,C
797698b5-1bd3-4763-a5a9-c6aa97186808,B
961bdb54-cff1-4597-806e-d37c5c68bdcd,A
38e84aa4-4153-41fa-a7e9-a33766c01fd5,C
bea39c0a-d943-46b9-ba22-19e4bdb0f100,A
9adbcae2-8835-462e-8548-12dd38540637,B
9e564ec6-e720-422f-ab4d-b471b5cde11e,B
4120f651-97aa-4bac-b584-7237f4f9f3fc,B
ebc5fc1b-004a-478b-adaf-055bc143970c,B
7beaf012-2245-43de-ba8e-4db47d718d12,C
be956797-cc37-43e1-ae25-227194be1d1a,B
cdcb1270-783f-4151-97a9-e4ace0cdf240,B
42235c91-3634-4f56-89a1-ab35fd66c5c6,C
e99b2f83-c376-46c7-86e4-c89cd3fff774,C
79335083-6511-4d83-bbf9-6e611f4e6847,A
bab773e6-64cb-49b3-95be-f46736bf7d01,A
359463e5-6f6e-47c7-ade0-935d7376a172,A
83c59a93-3910-4b75-9b9a-f8a2067c6e2f,B
7e1492e6-3be6-4670-8b75-64fc5264b993,C
ab88fdba-fe45-49f5-8862-44400f6f0613,A
ee3de580-4a9f-408b-9f9b-881965b9921c,A
55b70e05-f795-4814-abb7-2ca7c8b007dd,B
9b59c079-81e6-4b51-b530-dd6b4f1503dc,A
75604fd8-3fb4-46b8-9bb0-8d86db57d4e1,B
9f0f554f-9985-4a5b-9357-9ecf0da33219,C
da5a2704-971a-46d3-be32-974b13fc786d,A
7b4876d1-7140-426d-b40d-a25dfd46509b,B
39ea4ddf-b618-4ec4-99fa-706508763a94,C
9266ece6-198c-451c-aa3a-b80e0fdaa907,C
b89fb0c5-76fe-413f-8fd4-68aa7ef9a17d,B
6e78e22e-6f23-40ae-9fe1-587a27ff14a3,C
b713a8a7-72fb-425e-825a-c4493700de55,A
ef644e5f-30a5-410d-956c-05a1304407eb,A
6676537d-73de-4beb-9861-4260139f0585,A
40be42fd-dfa3-4163-9ec9-cdad2ddacd77,C
185dec3f-65da-4a8d-a7d9-72636bcfc6d0,C
67b8ccd1-f429-4d90-97cd-79fc9e4a94e2,C
09bb7cbd-7021-4654-b44f-37855bc1b928,A
57315480-a6f5-4d8a-a296-ccc104882612,A
cedd5966-6fd0-4fa5-aa85-aee5c45ea945,B
14386f27-257d-481c-b7d7-cdc398402d38,B
591100d5-a458-42d5-bcaf-c2e4567fea9f,A
2f05e36c-828d-4747-ab3a-2ae059b90a74,C
ad1a5295-b2bd-4c99-a922-5817e1ef068c,A
7be6e095-a4d3-48e3-aadf-c5f94c914737,A
4f0b7846-df99-452d-b6c2-89ab4c5f4487,B
84949226-f308-4159-9066-5d53f8e5db2d,B
1d8ae644-de55-478b-a4a1-3f1ebc5e4ff3,B
5b7b3ba5-d7bf-45d0-adef-4aafccfaf638,B
07809c7d-ccab-4899-8aaf-de906d2c1a63,C
ebac6736-0ec7-4344-b2b4-60dfaf0e2f9e,A
cacab842-9bfc-4591-ab6f-b3fbc885dc82,A
ccdc46ff-464b-4b31-8b93-1f4ac37b9f26,C
a4d9ba72-e1c3-4834-8b0e-c5bce646c7ca,C
8dee0423-fb8a-407c-aa8d-13fd18cf2afc,C
d69a1302-a3ea-459a-bb3c-a52e39f1b082,A
1b075826-eea3-4e59-b38e-96061daca2ad,C
406ab974-5f96-4bcb-9c27-fbe3ee692d3c,B
769022c9-6ad1-4944-940e-7002fbce8334,B
a7789484-d1e2-4b61-a5b8-840d731a1d1f,B
5040de56-a3d2-4e9a-95d8-066282acc0bc,B
9bea9bdc-13ec-45a5-8cf1-5a2d59a6a7a1,A
93b5982e-2932-40d8-b1b5-9960f2160685,C
b794e99e-f4bd-441a-8ed3-efeb606bd8c3,C
dcba4983-6809-4522-bbf0-197649bc08a2,A
82d501e5-2336-4f0c-9e41-572e1ecf0aad,B
f6380720-21af-44f0-85ef-4f89d7cd42be,A
8cccf1d8-4bd8-41a0-9c93-88300997f005,A
a61da117-d16d-4bda-983b-f378b4832b5c,A
ca43b505-617f-4cbb-939e-00bcc17baaf1,A
d0b310f3-789d-44c3-82e6-8d5dd21ee784,A
af626e19-0ffd-4a0d-b391-51bd16cc1fa1,B
cd1bc2c0-cdcb-45bf-88d1-7f5e9b7b7fcf,C
afaf77e0-45cf-4ac7-a822-452148a46251,B
9f32b98c-8f0a-4941-be9d-757f84d247a9,A
b1d65d7d-1f90-4734-94dc-87db7ba7d6aa,A
2fd5af1f-03ba-4d2b-879a-ce4b09e28296,B
bb037cb1-a050-428e-ae4c-636338717bfe,B
feb8f635-8fcf-476d-aa97-b0d3f49e8a8b,B
88cd7329-8d53-461f-bbe2-8fa8a12a2819,A
b9d5081a-f032-4306-80a2-ecb69e4b1b46,B
32c9ae67-f4cc-402d-a862-9760908853dd,C
3b1af245-9cae-4efe-b1a4-8c3366baa70e,A
27168ce2-d31a-4ab4-823c-83b2cfb03124,B
cd72fe19-a3e8-4a39-adb6-a304652e5a32,C
26078c69-93b9-41e9-b0e7-73f15389ccec,B
f20c7a7d-3445-4039-9e7d-352aabf97a99,B
3b96aa2c-05ee-4a1c-b076-ca28a6e1d9da,A
a169807a-a7ff-43c4-8761-6b4876d20485,C
0f4f6148-eb76-4c0c-8fee-3c1ca801369d,C
5ee7af61-1bbb-4f38-8be2-6061ec687816,B
6255ec23-4773-4530-991e-22feb86b7c6a,B
47c136ce-66c8-4749-b687-a8ca44aa4800,A
6d1454aa-f72f-4046-9912-cf7a2a82d5c1,B
aafca13c-88e4-4279-b7de-a62d31a17884,B
3206a76f-4018-42d1-806e-5432d3ecdb2b,B
3a69c6fd-fb7b-4dde-8724-c4ef088d82be,B
ac8c73c6-7e4e-4815-bb69-9ea45d111c7f,C
d9a9ef83-4600-4f42-a874-c3b57fe91eb5,A
f55d8259-72df-4b53-9536-4113a8d3ac58,B
a75beefb-c0e4-4492-864a-1b520ca39eb4,A
6034f27e-ddea-4427-b447-9ecf5b227552,B
a6d7da93-b8ea-486b-a9d7-f700507b6078,A
9b7906b3-2dc3-456e-9b14-ed4e9b57de14,B
d15c3082-0759-4698-87b7-65d4069417ca,C
33bc6b3e-929b-4e45-8662-9a7270d0b027,A
24197310-16c6-421e-ba84-1cccf0d1eccc,B
a11cd5aa-e44b-423c-8e27-157354fbed4f,B
0c0afb5a-fad0-4b26-a1fe-92dd2a3714bc,B
b832ac65-00ec-4cb1-a91d-d04004022aeb,C
c5e11042-6055-4064-8926-9a3b48935e67,C
bc1382fa-5757-4aaf-ac99-71a620fa7948,C
6e30b02e-d16b-4c9d-a1a0-b496b36a0a22,A
4d73684d-c908-43d9-8300-91b17192414c,C
997ff5ed-08db-4a0e-8913-1ec08a351338,A
27a100a1-2689-4f6a-86a4-2070e8069042,B
ac8f7a14-4e64-4ca7-9376-65deffe76618,B
2b6bfda8-b00c-432e-b3f0-544c966eb9fe,C
0469b192-ea52-4d14-bc30-9db4dbd2144b,B
0c7a1369-6cfb-4346-be58-a564aac2e305,B
99906a70-43c8-42fd-b65e-bd2d38c8b4fc,C
e893a55c-6084-43ed-9d7e-cb38d623c59c,B
9e6f9c8f-a712-4caa-bd60-c0f52238e09f,C
97f2238b-c7a9-4326-beaf-907ca40ff13a,B
e19df87a-65c0-4b37-811f-491992875e39,A
f0112ad3-a7de-49cb-8d82-ca595799aff2,C
8da42541-20c1-4423-a3d4-097440fb1e71,B
ccd01919-0fea-4d7c-836b-fa8ac3bca3ed,B
2eda7ed9-9d6d-48c2-bc2d-7a70ed572238,B
bdd9493b-b621-44ce-94f6-dac4fca259bd,A
27a815e9-74dc-4753-8e1f-5baf6cf0823d,C
2f14f7c4-cc48-4bec-9f98-2b439d8ddbf7,C
a15c8dbf-551a-4a51-a68f-cd0cbef8061f,C
86216478-08f8-4cbb-bc7e-a163aa46a0b8,C
0d7eceab-ef3b-4605-88c2-2d2ae1ac5ae5,B
df393a41-fbc9-4ae0-9eee-cab969b1c03d,B
03d95a14-2f11-4a24-8795-479e6bbe4229,C
dcb56751-6cd2-40af-b134-e7ab53a3756b,C
e6fcc9dd-6b28-47c9-a0ea-b69b4f259232,A
c13a1ae6-c2a5-47fa-99a5-4eb25322e8ad,B
5e58dd6d-b2fc-44c0-964f-48769bbf2e55,B
be67fb13-08c9-4e0b-a260-0c908b9ac6b1,A
2228bbb6-61f9-44a3-8bc9-c96342520ba1,C
b35e5756-7cb8-46c2-aef2-17b84fe57996,C
226eccfb-7d18-4b93-bf59-8ec21ad7e4aa,A
7e3ddcd6-4a15-4f15-9710-cfa0b3f0b372,A
9625fb5c-7a8f-442e-aafa-c1b950692fde,C
d28afcd9-c22b-470c-8d6b-b7b86dccee3c,C
d6703186-7b4a-4ade-aaf9-326693cd695d,C
6cd41f13-4b78-4e70-b151-bf86a5aa03ef,A
b4dfb55c-f3a9-4b30-a7f9-b18856edbb8d,A
ebcb89bd-3bfb-4c0e-a44b-8ecb547f510d,B
aae27e08-26f6-4b58-a392-3a8b2f9aeebc,C
f2fdc365-833b-45e0-8a3c-b9ed907db0a0,A
d101c224-ddcf-4c2c-bf14-9eef2a6b0fa0,B
a57cdb22-6eb1-45c5-ba6b-3908a86f24e7,A
aed31d5c-700f-4d01-9bc6-90a19933f001,A
144fecfc-f8b2-43d8-a9ae-373f1c18cdb2,B
46d91aaf-a5e2-418b-b357-94f7a313d0cb,A
3626e2e4-e2d2-48cc-a0ef-ad9dedaf794e,C
b2f5ffe6-b23b-44b0-976e-17be6bf3acee,C
72d45d70-a8f7-410b-907e-408c44943558,A
e2384a9f-3358-4251-befb-3c2ec93bf655,C
ebe774ab-8785-43e7-b723-4886975de095,B
aee5a4ea-f7f1-4fca-8af1-b1aaaaabcc65,A
82ebc483-7015-402d-bf65-06db52173957,A
db803197-9ae6-44e4-be22-4957416cc72a,A
afde9097-e8c4-4ac8-948f-f82f009d9d06,C
183c3013-e3e3-46b9-bd1d-cd78f7087b9e,C
00089332-7e3e-4318-be04-9add5b128ddf,B
09e1c5a2-6677-4e33-ac30-e54b54a9427c,B
bc50e0f0-6cb8-4748-a4fb-42f60519e4b3,B
223679e2-a411-43b0-8703-28ba37919b79,A
2cf4af10-5e58-4405-ae2f-d84b5472bb79,C
f5920356-b7b0-4b6b-8df6-1d4c81f18877,A
bdbe488a-3aaa-49bc-be08-2d5df891bf39,A
09767d17-1159-45c5-a628-d08ec0822410,B
16f97e8d-c5ec-427a-bec9-383dcbb86bfb,B
6dde6451-b02b-4546-ac86-b9a28e19d5e5,B
a81c719f-149d-4c31-afbc-241f20fc7d03,A
aadaf3ea-4402-495f-b01f-c94767f5e59e,C
3f24850d-8e3e-46c9-ab51-824a556c28fc,B
eccc38b9-bd7c-47cc-9e3c-d3ac46b518cc,A
a5a874b5-1d2d-41b1-892b-a32a39aaafd0,A
e73606df-9fa2-468f-9117-93c0383199aa,B
4f9e741b-bbc5-4dd1-8c99-a6010521e833,C
42c6a30e-cfcc-44ca-ae4b-eea58899920d,B
fda2ccb3-9735-4681-b14d-cb07a1160385,C
2273bdb3-abb6-42a6-a8ab-84440c61b0d7,B
c46bdf89-aec5-4899-b7d6-65737fd7b6cc,B
25f5e1b8-15ab-423c-8d91-8f3ca8a8fcae,C
7573752b-8d71-476b-a526-cb4a0136a262,A
5d21f17c-76d0-432b-b854-c8e1cfa5597a,A
347d5611-391f-4f5d-9de6-b10c678958d6,B
d56a3692-103d-4286-93a9-cf54c62ea5fe,A
2f38bf87-5212-49f7-94e3-e7b0296e98f0,A
1c65885a-4811-4b58-84f5-a199a3e88cb8,A
fe1b7551-fabd-4448-a212-cb7f73b4616e,B
1ed240b9-b5c0-403c-9f87-22feaccabfa0,B
559751ea-73f4-4c6c-9560-35467a6efd1f,C
0b012f66-4919-4819-a4b0-fa433fc1b551,B
7f942e2f-ec43-403d-8ee0-4c7f12a18062,C
6f9ca5dd-fe50-4cff-8aed-f4f40ed8151c,B
d0e68106-989a-4e2e-a805-33263571f839,A
1c3b5043-c2de-4dbb-9ff5-697549c77aef,C
8ac13eed-4a22-4701-be4e-436975253b69,A
7f7a1b5a-df07-438e-afc1-1aca47c96d0e,B
72986897-1e54-4e5a-bd33-741721277fc9,B
590bbdcc-8cda-4246-97de-20bc42d6adc8,C
5dc88d1f-a5b0-4928-8517-eff0592ed398,C
0e61897a-1138-4e60-87a9-e3fdcc576816,B
bf340789-fa4d-46f8-af3e-34f912b430b7,B
82a6ba6a-8c0f-4809-bb51-ec5b755c1ff6,B
4a591d2d-0f01-43cd-b1c5-ed09023296e3,B
b81c4cf5-a69a-4b4e-a45d-f1d8e90aeb29,C
fc8af822-87e8-4122-ba87-5962c8fffddc,A
bb950f84-9ab4-4021-8a32-2c0d83e5fe04,C
34df59e9-9ce1-49ee-b4df-7bf8a64a157e,A
65657981-cad5-4079-9acc-ec0fb42b0b99,A
739dbd3e-88b9-4252-bdcb-c6a0d2d57d1f,C
aedff0a5-c6de-4eac-a5dc-0b0e86ec0ed8,A
e649fe17-adb6-4d2e-9984-5ca35e58261b,C
a837ccae-c97d-44a3-9fb1-7db2aa675baa,A
821b49c5-4ae6-4158-8b27-3286c5f35901,B
9ca28441-2e7a-4899-8a7b-15e6dbe7dcca,C
fb79c06c-a177-4dff-ba33-c1e84302b49c,C
787e094b-6a62-4d0e-852c-68703711d015,B
99e2076d-dffa-42d3-af00-5b4f8d5c5d50,C
2679a679-1d83-438c-97c7-98e8a18fbc7d,A
6f0b6d99-4484-45b8-8855-470e0cb721a7,B
48074069-c020-4bd2-b5de-e9669b8420ac,C
5a949693-24ec-4bda-8b2c-c9edd6d56e74,B
d7bc6629-f9ee-4b8f-8a4c-d4910e4499f2,A
f3e1e0e8-aaeb-479f-af52-a7093f1cb880,B
cc386a40-656e-42d1-9eff-c4773b31959a,C
f0b97127-bfb1-46f7-9861-034c89fb9e09,B
39493338-9ce2-4f33-88cc-788fdfd5b15b,C
feb88fde-fb62-4edc-8946-be60ff3abcd9,C
a27b1138-d95b-4032-b6fa-c99e8f9a9ea5,C
50520bdf-e308-4a66-8144-fdaca70a4dea,A
7cf1d582-5bb2-439e-9f22-31453ee7cead,C
88bb3006-7b70-45c8-8898-8f3308628bd1,A
3ec99cd3-a25a-4493-905f-02c42d6ad29d,B
792a6ba3-2461-4020-b17e-bfeb2ed05fe4,B
bf916a09-d232-4d7d-83f3-2f837c142443,B
58cc1929-ca08-464b-af1a-4a97c6436132,C
5cf0f38c-1210-4303-bbc0-7c9806f9a91a,A
c528129f-f27f-4808-9919-26ea0d0ca9eb,A
592f0aeb-85dd-4ee5-8d0b-82c7b005cef4,A
e3ee5a45-760e-46cd-ae43-56e5ad26f7e3,B
997f91b9-e5ce-400a-b16c-386c138a2331,B
d96f83d8-6556-47ee-a314-9c678f842e66,C
a872b31a-27d7-4abc-baba-1a7f44d6b66f,C
bce8eabb-4990-4a19-a04a-c361220c9851,B
e60c344a-a339-4feb-b922-dc72e0a2d516,A
8e6bf915-13ba-46db-a0bd-483d676f9ea1,A
80671028-fc51-46a7-804d-3082b5fb532c,A
666b422c-52f6-4798-b520-aba31fc59ec6,A
f22950b9-79fc-4061-962d-fd158250b9ff,C
d18a3c34-3eef-46d3-be27-cc937b9ab17a,C
7f4b2190-3db9-4b94-9c02-b1a38c5e78bc,A
6a3317f9-b4e0-4798-bba7-2d389d8927d3,B
e73ad672-9709-4ab6-bd5b-eeed85351bd7,B
c54d6d3a-6fa2-4044-8aa5-17ecb2cfef98,B
b794873c-1c99-43e5-a984-05346ad9e104,C
cad41b2a-1563-4a63-9dcf-68d242cf8c53,C
8608a865-ccb1-447c-ba97-6c92829e6199,C
88d2eb38-643d-45b8-91b3-13698ecfe195,C
3548dddd-82e0-4487-aaab-e78eee012b05,A
63068e4d-3659-4af7-818c-1a56e841095b,C
b73afa09-40f0-4a1d-b18c-d8468cec1513,A
ea30c7d6-9eb6-460d-a132-dcf5aeb59169,A
cc584e9d-d10d-4242-be52-f75ec0a70a29,A
a8bd0ffe-7eb2-4782-89d7-aed88e2815fc,A
5daf8749-419d-4b00-b33b-df1d46ce772a,B
1bff6dce-929c-4f2d-8d3e-81a232357f7c,C
c4674773-331a-414d-b122-48e083e6eaae,B
c705083c-5cf9-4e50-88e8-313d1ae31a67,B
6221e3f0-3994-4b70-8a99-b5a74eea20ef,A
c598a806-3cee-4edd-a205-028a6f4c77b5,B
b1af9e9e-e9b7-40a4-b8a2-903ba569496d,A
8777eda8-277a-4cd8-ba3b-07dc8cea0891,B
aa556530-1576-42f5-bb93-0bf68b209c53,C
70c9da28-b163-487d-a266-1a5d33b77326,C
267f63dc-cb4e-4443-aa40-5a5fc9752d6f,C
c5ae58dd-58d0-4823-a4dc-8a9ae1313fea,B
05a3f9e3-fe2c-4c22-bbb4-e8ebec024f51,A
7c1f96b9-cc75-4963-989f-2b9d86302b17,C
58be2076-7766-4d6d-b924-47c8bbd552e2,A
2754f2fc-d6d9-4ff3-84cd-24884c2dbd6a,B
bc74961b-c6f4-45ff-b2bf-79679a0b80a7,A
7907bb64-2e5a-4dbb-b290-5af0ac7f5a50,C
0999929d-c94a-43b8-b399-976e58b942d7,A
fd3eeb02-608e-4368-b347-08efd558574b,B
c4ef466a-45e9-4956-acca-aa7759100c37,C
aa201eba-5171-4888-9109-2bc6d5f4f330,C
fd1662f2-e7e4-461a-987a-20df3576a3fb,A
3054b470-8aea-46de-80c8-ecb2f2bdd5e6,C
62a52054-89c3-454e-80f7-89abe83a68f6,B
81bea93f-75ee-4454-b45d-2104f3e58f60,B
ff3e8d48-1507-4fca-9673-b3e624c90b91,C
9c811d6a-613a-45ba-ac8b-d3bca92c4155,A
5fa9377a-613a-4961-864c-270c8a8a6929,B
a643b2d2-9df6-49fe-bac6-bdf5f4c840fd,B
fc6d3a65-4817-4ace-b145-013f93734b63,C
c4bbca26-dc5e-46a1-8c95-38db5c641491,A
3063fb49-8caf-47bb-b706-0760a1bd238e,B
1581a048-20ec-4f69-8b41-2bf6dba5b56e,B
5eabd908-2633-493a-899a-9f7051c9bceb,A
4c3d9e24-0edf-4415-b710-7615ba03b024,A
7c4a4a9f-a8b1-493b-b252-b7a338779837,B
2fcc0f90-aef3-45df-8d37-65498780c8c0,B
70de962b-94f3-47f4-8beb-fd1e0437ef49,A
943b4539-e0e2-4631-a016-f522bc63dc2c,A
76eb346f-3c8d-4dbc-9595-972e41b93e08,C
2eb71fb5-85f7-4905-b18a-5adb8578c6a7,A
d2d12b09-bca5-4d95-9eab-f4f92e544ce0,B
2738b14d-9cc6-45d2-9b8a-740b08992326,B
2e60fd20-a906-4559-bde3-805a63c31307,B
a7fb6113-b350-410a-8016-d856e1d62960,C
8bd9482e-e0f2-44d2-ae3b-12a2c2516a00,B
f5516116-47bf-48f5-aa9b-9bd206c0a786,C
90a3f131-784c-48cc-9899-4ad2bc2c2755,A
8f6db0c0-11c8-4cfc-8b40-00eadee8fb27,B
32e492b3-835a-4c3d-9448-712a43a09de2,C
380f579c-0588-453a-b74f-b2d1c86364f4,C
3e35c634-d1ea-4fae-8fb1-aa54d6550071,B
1718a4ed-d3b7-4db6-b671-d0a8e54fae60,C
56cfea60-6e3a-4b78-a9be-baffcbe53edc,C
0a279c3e-892c-4c12-99c6-acbbc296ccc2,B
67e1fe6d-4d2f-4e6f-a3f1-5e6fa7512875,B
4ca42025-686a-469d-af9d-78305deded77,A
6d293c84-dee7-49c0-bb17-8779b0d956df,B
3d4b99d4-c503-4542-91be-eaf898b22082,A
b324d2ec-ea86-4a55-bbb3-17fa2d75eeaf,B
b0984d9c-3aa6-4b3b-a7d8-7236ba7663d9,A
4125f4f1-6f4c-4da2-97b2-e003be02a128,B
9a6475ca-6635-4baa-9855-38b40924e479,C
72d5eeb6-cb0d-4f66-9984-0c6f1066a11a,A
6e36df34-a76e-4dfe-983d-4a9e5b943180,C
80990727-3a40-4416-a651-d16b9a2e1a9b,B
d138ea53-a468-4fd8-86e1-965d7132e54d,A
e331cd32-4395-4bed-b051-37ee477bf695,A
272ebe7c-2174-48a3-9bf1-a8791b3224e4,A
81f18b5b-2381-4970-9b59-98ca632f2602,C
fea8546d-e778-4374-9515-169bd24427af,C
d2748ed4-0ec3-4725-b206-e2e9bd3830e3,B
6d6595da-e5d0-4352-867d-7dad59a0f365,B
d8e1fd16-fc74-43dc-b3f2-11c3af5e91e8,B
d71b4384-5323-45f1-b939-e291c0c456fa,C
9384c014-0a48-4a04-8aa4-636034043588,B
488d319e-8ffb-42d2-b6c5-cba90676cee5,A
5c3ee8a7-5eb3-4a16-9a70-c84a943430e1,A
7fecedb8-940c-4722-bc89-e7d234a46569,B
34d99219-bd4b-48a2-a0a2-a345c667027b,A
2c1d7662-be4b-4b0c-9ec0-55d377f8c5b7,A
70614afe-c7fa-4d56-82ca-0115f3b335a0,C
f167a50d-070f-472f-9436-16d322a55c93,B
03020e28-9515-442c-b699-2e317961d861,A
2a0ce43f-9d9a-42f7-9b70-4048967d9457,A
ec50bdb2-cdc1-4fc3-930e-ae1ad852fec8,A
bb60081f-0022-4aa5-bdb7-f776a29479c6,B
6288f8c3-0f99-4640-96d3-6a9c5ba6df7a,B
a49b3e56-daae-48fa-aed8-4602bed1aa85,C
6b3dc03a-15af-4b21-bb2f-54eff70b18f9,A
6fa258db-11b8-403a-9d19-cc2841e94203,A
2ce1e5b2-999e-4c21-b688-b929900cd2d1,A
471ddf7a-eb09-4870-898c-40aafcd71a9d,B
ecbff50b-78a0-4501-bd09-0ee6bfdc936d,A
f3708805-0f02-4800-b3c4-531c4e28b4d8,B
198ef5d3-631a-4173-bac9-c96e68f5fab0,B
362da70d-a564-4b3f-bac8-458831f51bd9,B
46fa4f93-93a4-48ca-9e02-dc0b6362988b,C
3653b621-039b-499b-87e2-ac3ce7a28114,B
1440d972-cf9d-4725-9a35-3f0e28ebe908,B
1d7d779b-2fd6-440a-93ca-c9a0bae08ac2,A
7eea0315-3ffe-4ac3-a231-4d1f307c7b68,C
ce28da20-e20f-407c-99f8-9dcd5db0a7ef,B
fef05873-7782-4080-9a1a-04693cd38a37,A
82f932d0-be4d-4887-a1cf-758ee7c45bab,C
c0df4969-fca1-4dd1-a028-2df31fe7183b,B
0cb4de3b-9ca5-4b5c-a4d5-607e5a12fd9b,A
55c2b11b-2813-47b1-af9e-d67f88a269b0,A
1fc9427a-f63d-42bb-afc6-d1a9401db055,A
037c3b87-cb18-4f09-b415-32f360a7ca93,C
f11f8ee9-4783-4b03-9149-475c57dd9ec7,C
a2845ab4-e2b6-4513-9f32-c5f4ef469c02,C
5fb124b3-70b8-4f39-99e3-b697750227a6,C
c0b9f844-f8d0-4a66-8d95-976ea3c423d0,A
93e8efdd-8254-4755-ab48-2afe23ed7ca7,B
6743df85-7719-476b-bee6-a7d8c0fcab54,A
cc0ae589-f136-482c-a60d-385925487f7b,A
4606baf2-0eb9-4254-a23c-4b63a3ea6a85,A
2bcf8ad3-b78a-4eae-8da3-8c178a3e4d2b,B
78135c7c-5fa8-4bc1-b872-64ad73e065e1,B
dc199306-1008-41c8-8c18-08538e43bb3b,A
25efa34b-0ffa-4cff-97fb-746afd315a62,B
5a932ce3-d540-48ad-a329-0c937030c1e1,A
664b38f6-9aff-429a-9163-7c534b3f9b37,A
df33af61-f473-40f0-9596-ddd76aee6a64,B
80d29c76-3567-486f-9ced-aa00a0567918,B
73e0ded1-02ae-4361-8046-c3e000bb196b,A
4feff4c8-5675-4527-9125-1c36c8c9f1dc,B
78bfcd17-bda1-400a-98bf-c185eb187d7c,A
2ee50b68-2b3c-475e-b202-59f6f75a7252,A
176005db-71f4-47ed-b9d7-aeb5da65bf8a,A
bbe7fa34-2c1d-44b6-8121-4a87dc9a7690,A
3fb85f9e-64b8-4e39-aba8-4fe3b76b584e,A
043fbfd6-e306-4f2d-aa68-48c651393cec,C
0ab1bf3d-2514-471a-b44c-aa540c1f5107,B
ef48c7e9-26d1-4d4e-ad0e-85d9159d120f,C
081814a8-d905-4947-9185-8f15166edac1,A
332b97b6-9c58-4e5d-a729-181c0fbf704b,A
4e63000c-6131-456a-81a4-639f20d85556,C
cc2180b4-94c9-43c6-a835-8e3760e91a5a,A
d2070e54-9589-448d-97aa-a44225da265c,B
0930dc1e-dfa9-4c74-ba36-a1ac0d2bd4f9,A
b6a90e68-2504-41b0-8979-4ca3f227848f,C
431fb568-36bc-431b-b2c7-69c147b00e0e,B
93f45cbc-1b04-482b-b884-e28b61130a4a,A
ed9a05b3-52e4-460f-8353-c285e07d4e5e,A
86b51282-77ee-4b94-bf10-e0533224214d,A
3e7663e9-d3e8-4b77-a991-4ab91621bb05,B
e02a5021-7660-4781-af42-a84e79772dec,B
2b4e0447-d7dc-43f1-b0af-2fdfa65e88c1,A
05e67f34-1e92-41ba-bf4e-77f4f8642f5b,B
67876380-ac20-4139-9d21-898006205943,A
e631b45a-29c7-4412-8377-e4a4f7229ae7,A
86fe9347-33f8-497b-b384-d88d7f40f902,B
590ea983-e51a-4e8a-8f13-0be028b95cba,C
3ac0b4a3-dffb-4d31-9acc-f7268389c066,B
50b3b08e-acce-446d-96b8-9eabcc567652,B
b9783aee-e6e3-4d2a-8bbe-c31f109ad086,A
c5ece3f9-83dc-44ee-9ce4-9b6b1723ed0a,A
95ea5871-da71-4818-bc7f-e4e459e6f01d,A
3a78283f-e92a-4186-86e6-db9cd6e40322,A
ffbf4d11-b308-4c7b-9b23-70a56743a0c7,B
9159dc4c-d05d-4fa1-bf94-2a835c5493a4,A
0da46333-a275-4fe7-b638-318158861adb,C
3ba76842-ffdd-4eb0-86e4-f7ecde45c716,B
da867213-ac76-433e-a835-9d279582c722,B
751658d1-8e3c-4785-a68b-c9e26689d1f5,A
bf32ddaa-3ad0-4b94-9934-eb989b15987d,C
a16e23de-2e54-4446-b71b-9396e1fa2302,C
22c29e60-3edf-4718-940e-dfb7514820d6,B
d6fc70de-d99c-4e3e-80bf-58252a48e4a8,B
7055ac9b-aa62-46a4-b008-931d72adc53d,C
52e9c1d8-a504-4951-a1f0-9370e6061af0,C
23df5957-9766-4a59-9f73-6ae8afb81157,C
af471b2e-d207-4c4e-afe7-1762401d67fc,A
bb058cbb-5bed-4db8-9df4-5877b3dd45ca,C
56794c08-9456-4bf0-b38d-063799a72b06,B
3ffb3884-90c1-4198-946d-745f6134dca9,A
f933e29a-9de9-451b-9013-4d44fc724523,A
5b735e08-f144-461c-8733-b8d9bf61b004,B
a8eb4dad-881b-48b1-80a3-8c457bf9ad06,A
0d21959b-51ed-4ea9-98f6-55720fd0787b,B
185fa5ab-bc59-402d-a530-22284e131018,B
aa82866f-2771-4384-b32a-ef2d5acc83da,A
be75ac46-b6bd-42c2-b3e8-6884de30f22e,B
e106a017-b2ab-41ee-8ff5-4738bd0cffbf,B
1b052cc6-9e1e-4edb-b8c1-96849d8aeb47,B
11190282-edcd-4bc4-bb07-0555caf1ba18,A
d3cc019b-651e-438f-b2f7-3797ea85558f,A
e329ab85-586f-4351-a5d8-aeb36515d0b2,B
37b4e95e-123a-4c52-8b0f-c647c3862354,A
74c8019e-064e-4728-8993-d2d3c7c439c6,A
4dcc2118-7a57-49a1-a032-30ae966c6878,B
075792cd-bf0c-453c-974f-835bf55582b1,A
9f94b969-7646-417c-9a5e-e5fe50503a7b,B
4fe76ecb-13b9-4bbf-9265-f23b8643d422,A
2998ea03-2459-4cd4-9c45-24033a6713b6,A
83607f96-2c18-4c54-bbfd-70c1c1483f98,C
45a256b6-f299-48b0-ad19-29ac03a3ce6d,B
b7397dfd-6dd9-4935-8647-be99db403433,A
faf48405-e150-4116-8915-da9bd0990b09,A
b367f09a-4fce-410a-a5ad-3d098b6f7e22,B
c6120f72-dca5-4dd1-8ead-7066ec0f06a9,B
a6b8c95c-b236-47b5-856c-ecf37e70ca29,A
58ea825f-36f2-45fa-b4cc-4fb4f352800c,A
c99d8926-39f6-4bfc-b261-11b64c7e287a,C
a64ee17b-369a-4abe-9b08-f643a1fa888b,A
fc84d8aa-c86c-43d8-959b-28146ea03980,B
fb3da820-d0ff-4e93-a886-c57cb28bfb11,B
6d80f6e9-8abb-4bbf-83ed-18a1524cbeaf,B
1e7ee1c0-f42f-45a9-bb45-8c857ba92ffe,A
e7654388-7952-4a8a-a8fd-0813e7b5f5cf,C
7321bb75-0e4a-4578-8674-4b171500d25e,C
72feee01-db3f-4e35-9d2d-397ea5a40f6a,C
5a4781ed-f0b4-4149-be4d-2c99ee28e4b0,A
76a48f70-e486-4018-900d-d5fdbfd75096,A
aee18883-26c9-4e09-bf61-20b5ce13c38b,A
8319db63-54a4-42c9-ba82-daf1d1ac88b4,C
c1db83f1-7f38-4589-bbe7-77cba300ba5f,B
c2fd1efa-6a00-468f-9fe0-9d4810d07818,A
a3b10aaf-0c09-4013-88be-34dd71988313,A
a1722e16-80e4-4103-b3d8-ef70a0671f3f,A
4bc2833d-0d8c-4535-a8e3-1b5c61f7b2b7,C
d19c0a30-edc9-48cc-b468-ce3fcc4e95bf,A
bdd6c90c-1aa1-4145-944f-91fab819f3c3,A
12e8fa5d-b8bd-4b55-a958-36da0bf72013,B
d07b5185-0e7e-4312-a5e2-14fa7794ca28,B
ec7ba8fb-3c69-472e-aa38-63eccbcc32c3,B
1d15f6a9-2f86-4c23-8a14-987df87dad82,C
56fca897-932b-42f2-8480-7cf779cba3c1,B
02011c46-e0dc-4fac-8443-53908e023251,C
a47aa786-e7ed-444c-81fc-93de87244a37,A
0440d217-099d-4872-86eb-2614917db291,A
f711238f-f8ee-4b12-b296-17a1ce44aa84,C
d08d7528-dba3-4b08-93b0-cf9a4ce96d76,B
164190e5-bc76-466f-9b4a-6a367f3ebda6,B
d6ce3ed1-3c5f-4539-a7e9-1c1c7abd52e9,B
ac72830b-8cc9-4c5f-af86-f4d66ca3962c,C
fde6d7b5-e2a3-4aad-aebb-b494ce12ce73,A
60b7688c-bf9b-40ca-a2d4-5e8af2177b9a,A
1b203160-4799-4b94-8ce9-68e5dca9bae4,B
3580c457-e499-40b7-8eae-09da51b2feb1,B
039b6c70-8298-44ef-81d1-7986900b5a59,A
463fd8f1-4a62-4777-b1a5-2be932ea2268,C
febeb834-df70-45f7-a855-6bc56d9f6a90,C
f53d3e26-708d-4993-8c03-be7fda30e08b,B
4c424fab-b10a-4e49-958d-1a1ff0c76a31,C
0cc8bf88-f5c7-48bf-9712-bec2517f604c,C
b433a982-5cd7-4e0c-b6d6-1b15c8e1b606,A
558e2461-ee8c-4596-8164-a292a64023f8,A
e3264186-1c96-414a-8475-b96780ab55cb,C
80737a7c-44ca-42b6-b7e7-d757a7564ead,C
b634c4ae-5265-40a6-b560-392e2794cfef,C
3b5de4d3-280f-4034-9a33-97e50cfc957e,C
937b4ee4-2157-4244-9bcb-e5b8d4d33ce1,C
7f1243fa-0316-4d94-962b-104ba12c7883,C
037f4bb5-2eea-4b1a-85c1-af73a73a4315,C
bf45dae5-eb9e-4133-b562-aa68e1a394f6,B
7602beaa-c86b-4eb3-9786-6459ad1f83df,A
2ce48fab-7abc-4c02-979e-1e60a90e0d82,C
218490de-835d-4774-ae97-56a02e6ff3e0,A
72e5e349-66fc-4185-afc9-144de60236b0,C
5141dde7-a6c4-4c31-93dc-60e14e204010,A
90772b44-ee37-4c12-a513-2cc53d2bbcdb,B
a282f9da-ccba-40f4-884e-e3dbdf95950c,C
a07f64a3-0d2f-41ce-bf91-9fab67f331b0,C
f40a283f-de7a-45d1-841f-ad70af57c5ce,B
04943bf6-eca3-4ab6-ba2c-6e622ff2eb6f,B
7430b0fd-be58-4997-93b3-99f1bd47f0e9,C
7e2741df-0f34-4154-839d-00440446cfce,B
56b2e162-2d01-43f1-96b5-8488373ff62b,A
f3e65fbd-0060-4e35-8652-fa658a9a8902,B
9d16f636-bcc1-4e9e-a664-077749e46342,B
e5914b85-c1a6-48aa-bd7b-fe132140da26,A
c034357d-450b-4e3b-ae19-dbf489254ec5,C
8c2e25f8-7104-40e8-9364-b50238ce9b3b,A
71aedcb7-a9ef-4e9e-b613-ffde76c3047e,B
6d9de79d-f12b-4cf1-9858-0c4614aad752,B
3240232a-760e-4626-bb38-e80aff6fabfc,A
52917cff-9887-46f2-b175-95f9e7f6b77d,A
bd0d827e-18ba-4f63-85a3-22a617d82bf0,B
41771596-d1e6-4daf-9de2-53d3d3dec927,A
d0a30e47-a127-47e6-a149-91d8b5290da0,C
2d4115f6-9d41-4a54-9b88-18c1089e70b5,A
4e8c2d8c-5074-467d-acde-55ef661d4956,B
bfc7f4b7-9f27-4b62-8643-78a3a4de5913,B
225e2efa-73fa-42ea-9105-2feb0eb0eb32,A
9331cda7-c7df-403f-9509-00476e89bbcf,C
c6914974-9007-45e3-851a-1b5e59d3977b,C
99c50e42-0add-44f8-a28a-a5e05a1bde07,A
d85ff1c6-8f66-4ec0-8e73-be7f78cac919,C
141c9564-6f3d-4bc2-8171-2c96d124eafc,C
8cc43e3f-ff65-4de0-bed0-63062b027d5c,A
2baece0b-301d-4d14-9150-f9fce8a31c62,B
e5e94f2c-1a2c-4129-944c-40fb95aa919f,C
88ac6c28-6adc-4761-9773-80f7829d88e6,A
66684be4-1ebe-4852-aa44-daf774063f61,A
0e76bb1d-3a29-4d1c-9df3-71df4991b51e,C
c49e40c6-14d5-4649-b938-77f2452b3fa6,B
e0edc9dc-676a-4105-9012-a1e7146c81ed,B
17898180-74db-47e0-a16f-f081a3f646be,C
225b6fb1-0077-4faa-aa09-d08383f77bb8,A
1ab1b88b-a9d8-4663-889e-9d9cba37a69f,B
b72f97cd-f6c2-4fe7-a835-592cb7d50ae4,B
a21811c7-872c-4c61-a60e-e65645344c0f,B
e5878b4b-7e62-42ea-ba6b-4a93ac11377b,A
ed04725b-b868-400a-9b3e-1b66998959b1,A
c4fea012-4f6c-4428-9d9c-2b7e671cef20,C
cd7f32f9-e0d5-45d2-ab8f-bd62ce342bdc,B
277264ac-09fa-4829-bccb-f3555bac659a,A
6a0d47dc-3114-4ab3-969d-a10271891169,A
2018ba63-ef80-4774-bb6a-df71932b3248,B
f105a6c6-c1df-41cb-ab21-ac28a20fe7f4,A
b0b973cd-4236-4d18-b712-196f61d501df,A
5536b058-f7c3-46e9-ae97-d85d801a85cd,A
75882231-6256-43aa-a432-ebff570af3af,C
213048a0-e071-4828-8e34-e6882761dfaa,B
07bb784a-3312-4a20-80c6-850d90d4612b,B
27b13510-903d-4b41-9520-37fbab428d0b,A
19971c0d-8dc3-4673-bd36-5f9982719b73,B
4072b924-e0c6-4f11-b9de-9ceb78f0b1d9,A
0d207f97-1e0d-4a86-b31e-07f31908559a,B
20839541-6905-4665-92bb-3217859099c3,C
597a0e9b-1ac9-4ec0-9ba5-a80f7e0bfd8b,A
48726a7a-8aad-4dc6-a86c-a394777f5995,C
1ac57d56-9950-4e6e-927e-82db88abffa7,A
383a00a1-6ec2-4081-adc3-d53481d76dde,A
662e39b5-baec-45e5-abba-a9ae48e61004,B
bd4e8cdd-8ed7-4566-bf6a-25228654c96a,C
8e3dee60-8df4-4b1b-bfee-6156d390f63c,A
d2c58f92-9ad4-4d5b-9cbc-2ef3d6c9760e,C
e9908d4a-a181-49ce-9cdb-938a5a56f944,A
e17b6271-d911-4c8d-a744-2c45cec1806e,A
cc3c086d-bcc4-44e0-a716-eaeb1c5b0592,A
8c9f7da4-5143-407e-996c-c9e823b2dfbc,C
15ef5bab-9eec-4c55-a809-69f30370da74,C
e8285ef9-1896-4fe7-899a-982794407724,B
9f5dc8be-e9db-442e-bd24-186f9b7e7a0d,B
cd2b205d-91de-4513-8aac-210e152c8852,B
5f0936aa-e3e6-48c1-a48a-3de810ea6dd1,B
0fe433de-5329-446b-870c-a94175c3b85b,B
4cdb947b-31ce-4763-85fb-d83b9b90e0c6,C
b4042752-dc28-412f-b02c-48516bb8aa42,C
9d26070d-174c-4bcc-afb1-510d88b4f204,C
bc9443a3-12be-4ca6-bcde-92da6da0e069,A
898bec57-5327-4852-bf41-f4d02210a9b1,C
7a3d9bdb-8eda-4870-9fcc-be68097e5ec9,A
bbaef622-3566-47e1-a667-4a4bbd0e66d7,C
3b91ed87-8c4d-4475-901a-0c4f3c4cb4f4,C
071a1324-ac08-4de3-b700-52533ab1b4dc,A
f6f24033-5bb3-420c-9bbe-be5c9693ec46,A
e199d165-7a10-482d-8e22-b8bd38f4ab71,A
744e79e2-636e-4dee-8af3-3aa3dce55162,B
50372047-fa2a-4242-a694-6d7c9f606df5,A
63b10549-37d1-4abf-b104-a3c7e2e0d516,B
3cd8495a-e382-4818-b81b-ee02fc06a94a,A
69ad4ddb-7ba1-4a53-a26a-18ac7b9d2caf,A
45ab99d9-1198-4692-b108-4298341f9bb4,B
f2f723c9-be97-475c-918f-cdfdf76478d8,B
bd74791f-7dc5-4896-a455-129aa13d01d9,B
2e1e86ad-1037-4024-8b2f-3508c1e7b5e8,B
03d63028-aaca-46f2-ae62-2ea69ba73665,B
7e9d02b9-06e9-42a3-8b28-d91d54560797,A
f1eba520-fa8c-41b4-adbe-180e1dc7bcb8,C
7cb10478-2d70-4810-876b-27dfe3227372,C
353de963-a7ed-4a97-ae3f-5f8a23c9aab3,B
5d6fae0b-a26e-418c-9833-adcb75fbc45b,A
d1b5adee-54c5-46b5-a96b-e391cc3ee1a0,A
d9f42e8d-9053-45fc-98ea-3953155dec76,C
91087494-bc40-4893-bf0d-190793324b04,A
dfac407b-f2ec-4730-9e69-a92ee0523cd7,C
a896e700-78ef-4c47-8bd5-90f5a252f3cf,C
190b6fb8-4009-41fa-b4cf-9bd150c0ee60,A
c03673c5-3ae4-46f7-b4a3-3ecf37991448,C
2b919371-ec12-4d83-8720-bc447d023e38,C
c67e06d1-acea-4da9-bce7-a90dba7044c9,B
6f7923af-9e31-4433-bf78-8ec4d1cc7a6a,B
88488d35-8ee2-45fe-a1e8-2e0b6e38be88,A
25436426-2ba2-49ca-bed8-b1b2f10f649d,C
b4f8666f-e619-467c-8cd1-53b3b41c999f,A
3027d6fd-18ad-41ad-a0f6-66c69b06dce4,C
cac9faa4-9e40-4bb5-8c3c-0b9044d245da,A
df35a88b-fa1d-48e3-8679-a64be4d75637,C
c05a433a-2f6f-4d4e-9b23-bb6b2ddb6f4e,C
a14a8962-e59e-451d-8637-bc093ac6e5c7,A
12061f84-cf7e-40fc-9110-49475cb2347b,A
ef00e1a0-5637-4119-857a-f9a4e53766fc,C
9b0e3b01-8aab-41c3-bc25-1a56c67f7885,B
ae2924ac-8e93-4802-9c95-2241cbcca7c1,C
a8afde22-0740-47a2-859d-5aea3839bab6,C
a669cfc1-4a05-40a3-8be4-6e3d8388cafa,A
c6ae4bac-feb6-4ee9-91b8-8dbb2d7ab1e5,C
f56e6af3-c167-48b3-8429-5ba2c92b1bb9,C
356c8cf6-2a32-45a8-946b-35b5023d4ac8,A
2129184d-cc5d-478e-9738-05fb98428cd9,B
5f366946-5066-4420-9eca-59eb2474ae17,C
bbd46f22-32cc-4e53-aeb3-1fc40e2546a2,B
599d7d34-227e-44de-aa3a-05784f13fc5c,C
02fe0306-6ec5-4ce5-ae44-a73d52b949d0,A
ee388d4e-ee57-40ad-93f9-8fa5f595d037,B
3e893395-1823-4b2c-b8cb-9ff97682be57,A
452cf949-4dc3-44b2-80ea-bd0a24cea507,A
3dd4774b-0fcf-4cc5-a16e-fd1ef6b8b15e,A
007d1dfe-977b-4eaa-8a25-24bfb08fc312,B
4d5d22af-77b8-48f7-a28c-8d8dc9c6f4a8,A
d3f73ae4-9420-43e5-b083-560230e6272e,C
f4be805d-515d-4170-b6a9-ea01a8cd3dc9,A
b69a4a96-d716-4393-b8e1-967d26bf440d,C
1cb4f47c-0bdb-4916-8e7b-10f655301e6f,A
a9c83061-1090-4c77-9ffd-195cdb097f32,B
91e24aee-79ce-4d44-967f-4111232f72f3,A
e348fe47-3a17-4b1b-842e-df9311c6cbf2,A
921d5736-2187-4328-8e57-5a8dbeb58be7,B
1cde2389-727a-4c9f-87e6-febbfab38f99,B
7cf0b680-b6c5-401b-a157-411ef44bf870,C
25762ca0-4ad9-4b23-8b73-d4bae9dc8c9a,C
a44991be-ace2-4698-af99-34d8a76f438c,A
5616c736-cb73-4fd4-a5db-2f3efd6d5ed8,C
350b1595-caa2-4487-99d3-8e529419765e,C
c952c292-1c36-40bd-b01e-7865f674876c,C
c181d6e1-0f85-4d3b-b6d4-be57fcd8b78c,B
7d36e513-ab68-4fb9-969b-9394f1be151e,A
26dea902-fd36-466e-be7d-499a38f692b6,B
1bdbbeb1-7d26-484e-b802-b7d405ddea03,A
4b5e9908-c42a-4262-988f-7963c2ef97fa,B
3602e13e-6c09-4360-977f-58e70f60ff05,C
6970936d-d5c4-4517-a459-7876348bbd58,B
d69fbf09-fdc9-474d-847c-c8e09c70d597,A
4a0450d4-70d0-4e1e-b74f-613dfe457128,A
77ac155f-31d3-4a09-b3f5-8f79118bd28a,A
94ccf39b-ed5b-44bb-97b8-2d66d33478e4,A
1f46e362-2ed3-4ee9-b19a-d638eca76b81,B
8172ca7c-a92a-487d-b20c-a788ad0e4375,B
93a1e668-4aef-430a-87ac-c272618ebe80,A
3d804a1f-23fa-48c8-99be-48da7f0556e4,A
03df838b-d828-486f-b488-224d7bc0f7b9,B
8f398538-f006-4fcd-b0bb-abfc2302f8c1
f3dd7870-f7d1-477b-bfa2-ee3c5edd51d6
9d11d939-8692-4b57-b795-e8b9397e0197
9f62b3f9-42e5-4164-aedd-6fc35d3082cd
929cd4c1-e1b6-447c-8180-f6a9adaaa2f3
927aa694-3e4e-4234-9f5a-4cf1f8b104bc
bd534602-ea7c-44fb-8e80-9a4a43cb13aa
a11c6fb4-5836-457f-a3c6-116f3aa4c89f
16e48fd5-d60d-4cd1-a7f2-d8a78a20e3cf
2388ba35-8b7d-47a8-a8f7-6a9bf9f7ca78
56a4fff8-c8a8-4301-94e2-88a59ee0d7e7
006dd614-e809-4b85-ae78-5a415314ad8e
f7e79c94-ebc3-4e1e-ba98-7360efbe9034
dce9ec3f-1754-4364-a24b-1b2f0971e8ab
7880a3b7-bc75-4adb-bf9b-368a9ebb47ab
54efa8da-0b4f-42c4-86e6-4e3efc7349cd
2796850f-7231-41f7-93da-3aa0d8126950
04139ebe-844f-4cf3-a16c-a4594a0ccfd3
17897eb6-1733-4b35-bd5f-7c8513b27fdc
cac4dff7-9b0e-4dc7-bfda-79c541f2d91a
5f138767-8a7f-4ce4-9b19-b6f7a95efa45
5035d53b-07be-49fa-bac5-4cc84528067b
ad10ecbd-8d11-48c4-a5ed-42d317551350
f97064a9-dae9-4e3f-9b4c-8001d9d2b759
107f2cee-642d-433d-8395-222308eaef63
a6d902f4-c681-4a1d-8bb2-4beadce9e609
66b7b19b-563e-4854-af68-dddcce12e118
75eeea54-1c6b-42ed-a540-c7d1a8a1bdd5
0adea2d2-d01c-43d6-afb8-f515dbf7720f
f776ea8f-1c36-44ca-bf64-a753c6d2417c
863ab4b6-4123-464a-b372-678709469e39
88d5a3b0-7d28-4a54-8b19-eeafcf60837e
f4bf8ffd-3281-473f-864e-ba3ea95a2c8e
449761d8-0e82-4746-a890-5d86fbb93604
4a6b478d-3a83-43c6-be1c-a5bdc095b09f
e06ef539-3bf2-407b-a9ed-37aff1336908
24c8baa4-40db-4dd7-83b7-fd28b09b0155
306c68cb-164e-48ab-bae1-1f4340b2548c
e587397b-5a33-4604-88ce-886024321e3d
8becfc81-d436-4f01-8b5f-a2c5e0bde4df
46f518bd-e6d8-4640-bc86-434023a1425a
9881b926-3cd0-4e9a-8f19-19744fa449e6
976ad936-9852-4f6a-9eae-9b55e072555e
61d3407a-768b-44a0-86dd-5efc5a7ca6e9
52b1e28c-73f1-4aca-9d26-1e7ba2266e35
6d4a6e7b-1469-4ebb-88a7-9b23ad99c6ed
2a89e181-d073-4e1c-87f7-86b63da04edb
47916915-036a-4344-ba34-f91f8704dc78
b86fe5a3-c3c5-44be-a368-0c9357898124
e08e2df2-5693-4e4d-b631-a4c482e3d915
f1b2ab99-98a1-4920-b5cd-62b603b88b62
fff5d6d4-5b29-4b8b-bdf8-879dc004e658
98cfe59f-0008-41f6-a72e-4c850002e900
3dec4d79-6d28-4980-b964-7e27f4b1fd5a
26f79560-80eb-4495-b122-f41211cd60d0
9080a5a9-e6b4-4af0-b52f-3e8e2bd69112
ea76a8e1-4297-432a-bc21-51c95d0b3de8
76ae83b2-37f5-4780-adac-1580384f530c
10a1dd42-4d64-4b23-b014-635d51a14632
e0205d6e-4477-4478-8065-1ad15847bf30
e9fa4fea-b148-4cb1-855f-3133abb11b2c
8732b4a9-9845-46ed-8155-9689f64f6814
9b675be9-ef83-4fd0-86fa-08bbfb15450b
528b6d22-1cb6-447a-bef3-2d7a047f6498
5cd647a3-cc3c-4204-8198-88882b20f553
803dbcc6-bf70-4ea3-9378-105f30a50495
6d92be02-af97-44d3-8fa3-e45ce679e109
677af515-ca17-45ab-8079-6efd2e964147
56fd691c-4c7a-48bf-a2d5-14aef96604c1
885380b4-6690-4393-b1ba-5983902d7914
02262ef5-1424-4842-8f9f-e90e46a07379
9a096433-7e0a-4130-a736-8cea0d6aa65d
4ddc6cbd-2b62-4272-abc4-fa34447e95cd
54ab282c-7ef1-4af1-ac99-7dbc452b4364
4967ce9b-3c76-4bb8-9424-f5ee81184380
2fd938d8-8551-43cb-82ef-344966420d4c
